Workbook

Sheet READ ME
A1: CINDERFALL: Slot Math Model
A2: 5x3 video slot · 20 paylines · Faizan Malek
A4: What this is | B4: A live model of the CINDERFALL slot. Every result is an Excel formula driven by the inputs, not a pasted number. Change a pay or a symbol count and the whole RTP recomputes.
A6: Sheets
A7: 1 Reel Strips | B7: Symbol counts per reel and the probability of each symbol appearing on a reel.
A8: 2 Line Pay Model | B8: Exact base-game line pays. For each symbol, the probability of exactly 3, 4 or 5 in a row (wilds substitute), times the pay, summed over all symbols and multiplied by 20 lines.
A9: 3 Scatter & Bonus | B9: Exact scatter probability by convolving each reel's window distribution, the bonus trigger rate, and the free-spin contribution.
A10: 4 RTP Summary | B10: The assembled return: line + scatter + bonus, with a side-by-side check against a 1,000,000-spin simulation of the full game.
A11: 5 Volatility | B11: Hit frequency and the standard deviation of return (the volatility), measured from the simulation, with the design rationale.
A13: Colour key | B13: BLUE text = an input you can change. BLACK text = a formula (do not overwrite). GREEN text = a value pulled from another sheet.
A14: Two methods | B14: Line and scatter pays are solved exactly (closed form). Wild interactions across overlapping lines and free-spin clustering are not perfectly closed-form, so the model is cross-checked against a full Monte Carlo simulation. Closed form for fast design iteration, simulation for certification: this is standard practice in slot mathematics.

Sheet Reel Strips
A1: Reel composition
A2: Symbol counts per reel (BLUE inputs). Strip length and probabilities are formulas.
A4: Symbol | B4: Reel 1 | C4: Reel 2 | D4: Reel 3 | E4: Reel 4 | F4: Reel 5
A5: Ashen Crown (Wild) | B5: 2 | C5: 2 | D5: 3 | E5: 2 | F5: 2
A6: Bonfire | B6: 2 | C6: 2 | D6: 2 | E6: 2 | F6: 2
A7: Hollow King | B7: 3 | C7: 3 | D7: 3 | E7: 3 | F7: 3
A8: Cleric | B8: 4 | C8: 4 | D8: 4 | E8: 4 | F8: 4
A9: Estus Flask | B9: 5 | C9: 5 | D9: 5 | E9: 5 | F9: 5
A10: Ember Rune | B10: 6 | C10: 6 | D10: 6 | E10: 6 | F10: 6
A11: Ash Rune | B11: 6 | C11: 6 | D11: 6 | E11: 6 | F11: 6
A12: Bone Rune | B12: 7 | C12: 7 | D12: 7 | E12: 7 | F12: 7
A13: Iron Rune | B13: 7 | C13: 7 | D13: 7 | E13: 7 | F13: 7
A14: Boss Sigil (Scatter) | B14: 2 | C14: 2 | D14: 2 | E14: 2 | F14: 2
A15: Strip length | B15: =SUM(B5:B14) -> 44 | C15: =SUM(C5:C14) -> 44 | D15: =SUM(D5:D14) -> 45 | E15: =SUM(E5:E14) -> 44 | F15: =SUM(F5:F14) -> 44
A17: Probability of symbol per reel | B17: Reel 1 | C17: Reel 2 | D17: Reel 3 | E17: Reel 4 | F17: Reel 5
A18: Ashen Crown (Wild) | B18: =B5/B$15 -> 0.045454545 | C18: =C5/C$15 -> 0.045454545 | D18: =D5/D$15 -> 0.066666667 | E18: =E5/E$15 -> 0.045454545 | F18: =F5/F$15 -> 0.045454545
A19: Bonfire | B19: =B6/B$15 -> 0.045454545 | C19: =C6/C$15 -> 0.045454545 | D19: =D6/D$15 -> 0.044444444 | E19: =E6/E$15 -> 0.045454545 | F19: =F6/F$15 -> 0.045454545
A20: Hollow King | B20: =B7/B$15 -> 0.068181818 | C20: =C7/C$15 -> 0.068181818 | D20: =D7/D$15 -> 0.066666667 | E20: =E7/E$15 -> 0.068181818 | F20: =F7/F$15 -> 0.068181818
A21: Cleric | B21: =B8/B$15 -> 0.090909091 | C21: =C8/C$15 -> 0.090909091 | D21: =D8/D$15 -> 0.088888889 | E21: =E8/E$15 -> 0.090909091 | F21: =F8/F$15 -> 0.090909091
A22: Estus Flask | B22: =B9/B$15 -> 0.11363636 | C22: =C9/C$15 -> 0.11363636 | D22: =D9/D$15 -> 0.11111111 | E22: =E9/E$15 -> 0.11363636 | F22: =F9/F$15 -> 0.11363636
A23: Ember Rune | B23: =B10/B$15 -> 0.13636364 | C23: =C10/C$15 -> 0.13636364 | D23: =D10/D$15 -> 0.13333333 | E23: =E10/E$15 -> 0.13636364 | F23: =F10/F$15 -> 0.13636364
A24: Ash Rune | B24: =B11/B$15 -> 0.13636364 | C24: =C11/C$15 -> 0.13636364 | D24: =D11/D$15 -> 0.13333333 | E24: =E11/E$15 -> 0.13636364 | F24: =F11/F$15 -> 0.13636364
A25: Bone Rune | B25: =B12/B$15 -> 0.15909091 | C25: =C12/C$15 -> 0.15909091 | D25: =D12/D$15 -> 0.15555556 | E25: =E12/E$15 -> 0.15909091 | F25: =F12/F$15 -> 0.15909091
A26: Iron Rune | B26: =B13/B$15 -> 0.15909091 | C26: =C13/C$15 -> 0.15909091 | D26: =D13/D$15 -> 0.15555556 | E26: =E13/E$15 -> 0.15909091 | F26: =F13/F$15 -> 0.15909091
A27: Boss Sigil (Scatter) | B27: =B14/B$15 -> 0.045454545 | C27: =C14/C$15 -> 0.045454545 | D27: =D14/D$15 -> 0.044444444 | E27: =E14/E$15 -> 0.045454545 | F27: =F14/F$15 -> 0.045454545

Sheet Line Pay Model
A1: Exact base-game line pay model
A2: p = probability a reel shows the symbol OR a wild. P(exactly n) = p1..pn x (1 - p(n+1)). EV per line = sum of P(n) x pay(n). Pays are x bet per line.
A5: Symbol | B5: p R1 | C5: p R2 | D5: p R3 | E5: p R4 | F5: p R5 | G5: P(=3) | H5: P(=4) | I5: P(=5) | J5: Pay 3 | K5: Pay 4 | L5: Pay 5 | M5: EV/line | N5: Wild overcount
A6: Ashen Crown (Wild) | B6: ='Reel Strips'!B18 -> 0.045454545 | C6: ='Reel Strips'!C18 -> 0.045454545 | D6: ='Reel Strips'!D18 -> 0.066666667 | E6: ='Reel Strips'!E18 -> 0.045454545 | F6: ='Reel Strips'!F18 -> 0.045454545 | G6: =B6*C6*D6*(1-E6) -> 0.00013148009 | H6: =B6*C6*D6*E6*(1-F6) -> 5.9763677e-06 | I6: =B6*C6*D6*E6*F6 -> 2.8458894e-07 | J6: 55 | K6: 280 | L6: 1050 | M6: =G6*J6+H6*K6+I6*L6 -> 0.0092036063 | N6: 0
A7: Bonfire | B7: ='Reel Strips'!B18+'Reel Strips'!B19 -> 0.090909091 | C7: ='Reel Strips'!C18+'Reel Strips'!C19 -> 0.090909091 | D7: ='Reel Strips'!D18+'Reel Strips'!D19 -> 0.11111111 | E7: ='Reel Strips'!E18+'Reel Strips'!E19 -> 0.090909091 | F7: ='Reel Strips'!F18+'Reel Strips'!F19 -> 0.090909091 | G7: =B7*C7*D7*(1-E7) -> 0.00083479422 | H7: =B7*C7*D7*E7*(1-F7) -> 7.5890384e-05 | I7: =B7*C7*D7*E7*F7 -> 7.5890384e-06 | J7: 22 | K7: 110 | L7: 525 | M7: =G7*J7+H7*K7+I7*L7 -> 0.03069766 | N7: =$B$6*$C$6*$D$6*(1-E7)*J7+$B$6*$C$6*$D$6*$E$6*(1-F7)*K7+$B$6*$C$6*$D$6*$E$6*$F$6*L7 -> 0.0035303258
A8: Hollow King | B8: ='Reel Strips'!B18+'Reel Strips'!B20 -> 0.11363636 | C8: ='Reel Strips'!C18+'Reel Strips'!C20 -> 0.11363636 | D8: ='Reel Strips'!D18+'Reel Strips'!D20 -> 0.13333333 | E8: ='Reel Strips'!E18+'Reel Strips'!E20 -> 0.11363636 | F8: ='Reel Strips'!F18+'Reel Strips'!F20 -> 0.11363636 | G8: =B8*C8*D8*(1-E8) -> 0.0015261082 | H8: =B8*C8*D8*E8*(1-F8) -> 0.00017342139 | I8: =B8*C8*D8*E8*F8 -> 2.2233511e-05 | J8: 16 | K8: 68 | L8: 320 | M8: =G8*J8+H8*K8+I8*L8 -> 0.043325109 | N8: =$B$6*$C$6*$D$6*(1-E8)*J8+$B$6*$C$6*$D$6*$E$6*(1-F8)*K8+$B$6*$C$6*$D$6*$E$6*$F$6*L8 -> 0.0024218519
A9: Cleric | B9: ='Reel Strips'!B18+'Reel Strips'!B21 -> 0.13636364 | C9: ='Reel Strips'!C18+'Reel Strips'!C21 -> 0.13636364 | D9: ='Reel Strips'!D18+'Reel Strips'!D21 -> 0.15555556 | E9: ='Reel Strips'!E18+'Reel Strips'!E21 -> 0.13636364 | F9: ='Reel Strips'!F18+'Reel Strips'!F21 -> 0.13636364 | G9: =B9*C9*D9*(1-E9) -> 0.0024981217 | H9: =B9*C9*D9*E9*(1-F9) -> 0.00034065296 | I9: =B9*C9*D9*E9*F9 -> 5.378731e-05 | J9: 11 | K9: 45 | L9: 230 | M9: =G9*J9+H9*K9+I9*L9 -> 0.055179803 | N9: =$B$6*$C$6*$D$6*(1-E9)*J9+$B$6*$C$6*$D$6*$E$6*(1-F9)*K9+$B$6*$C$6*$D$6*$E$6*$F$6*L9 -> 0.0016173189
A10: Estus Flask | B10: ='Reel Strips'!B18+'Reel Strips'!B22 -> 0.15909091 | C10: ='Reel Strips'!C18+'Reel Strips'!C22 -> 0.15909091 | D10: ='Reel Strips'!D18+'Reel Strips'!D22 -> 0.17777778 | E10: ='Reel Strips'!E18+'Reel Strips'!E22 -> 0.15909091 | F10: ='Reel Strips'!F18+'Reel Strips'!F22 -> 0.15909091 | G10: =B10*C10*D10*(1-E10) -> 0.0037837048 | H10: =B10*C10*D10*E10*(1-F10) -> 0.00060195304 | I10: =B10*C10*D10*E10*F10 -> 0.00011388301 | J10: 9 | K10: 32 | L10: 160 | M10: =G10*J10+H10*K10+I10*L10 -> 0.071537122 | N10: =$B$6*$C$6*$D$6*(1-E10)*J10+$B$6*$C$6*$D$6*$E$6*(1-F10)*K10+$B$6*$C$6*$D$6*$E$6*$F$6*L10 -> 0.0012564602
A11: Ember Rune | B11: ='Reel Strips'!B18+'Reel Strips'!B23 -> 0.18181818 | C11: ='Reel Strips'!C18+'Reel Strips'!C23 -> 0.18181818 | D11: ='Reel Strips'!D18+'Reel Strips'!D23 -> 0.2 | E11: ='Reel Strips'!E18+'Reel Strips'!E23 -> 0.18181818 | F11: ='Reel Strips'!F18+'Reel Strips'!F23 -> 0.18181818 | G11: =B11*C11*D11*(1-E11) -> 0.0054094666 | H11: =B11*C11*D11*E11*(1-F11) -> 0.00098353938 | I11: =B11*C11*D11*E11*F11 -> 0.00021856431 | J11: 5 | K11: 12 | L11: 58 | M11: =G11*J11+H11*K11+I11*L11 -> 0.051526535 | N11: =$B$6*$C$6*$D$6*(1-E11)*J11+$B$6*$C$6*$D$6*$E$6*(1-F11)*K11+$B$6*$C$6*$D$6*$E$6*$F$6*L11 -> 0.00064146347
A12: Ash Rune | B12: ='Reel Strips'!B18+'Reel Strips'!B24 -> 0.18181818 | C12: ='Reel Strips'!C18+'Reel Strips'!C24 -> 0.18181818 | D12: ='Reel Strips'!D18+'Reel Strips'!D24 -> 0.2 | E12: ='Reel Strips'!E18+'Reel Strips'!E24 -> 0.18181818 | F12: ='Reel Strips'!F18+'Reel Strips'!F24 -> 0.18181818 | G12: =B12*C12*D12*(1-E12) -> 0.0054094666 | H12: =B12*C12*D12*E12*(1-F12) -> 0.00098353938 | I12: =B12*C12*D12*E12*F12 -> 0.00021856431 | J12: 5 | K12: 12 | L12: 58 | M12: =G12*J12+H12*K12+I12*L12 -> 0.051526535 | N12: =$B$6*$C$6*$D$6*(1-E12)*J12+$B$6*$C$6*$D$6*$E$6*(1-F12)*K12+$B$6*$C$6*$D$6*$E$6*$F$6*L12 -> 0.00064146347
A13: Bone Rune | B13: ='Reel Strips'!B18+'Reel Strips'!B25 -> 0.20454545 | C13: ='Reel Strips'!C18+'Reel Strips'!C25 -> 0.20454545 | D13: ='Reel Strips'!D18+'Reel Strips'!D25 -> 0.22222222 | E13: ='Reel Strips'!E18+'Reel Strips'!E25 -> 0.20454545 | F13: ='Reel Strips'!F18+'Reel Strips'!F25 -> 0.20454545 | G13: =B13*C13*D13*(1-E13) -> 0.0073957551 | H13: =B13*C13*D13*E13*(1-F13) -> 0.0015127681 | I13: =B13*C13*D13*E13*F13 -> 0.00038899751 | J13: 3 | K13: 10 | L13: 48 | M13: =G13*J13+H13*K13+I13*L13 -> 0.055986826 | N13: =$B$6*$C$6*$D$6*(1-E13)*J13+$B$6*$C$6*$D$6*$E$6*(1-F13)*K13+$B$6*$C$6*$D$6*$E$6*$F$6*L13 -> 0.00039216356
A14: Iron Rune | B14: ='Reel Strips'!B18+'Reel Strips'!B26 -> 0.20454545 | C14: ='Reel Strips'!C18+'Reel Strips'!C26 -> 0.20454545 | D14: ='Reel Strips'!D18+'Reel Strips'!D26 -> 0.22222222 | E14: ='Reel Strips'!E18+'Reel Strips'!E26 -> 0.20454545 | F14: ='Reel Strips'!F18+'Reel Strips'!F26 -> 0.20454545 | G14: =B14*C14*D14*(1-E14) -> 0.0073957551 | H14: =B14*C14*D14*E14*(1-F14) -> 0.0015127681 | I14: =B14*C14*D14*E14*F14 -> 0.00038899751 | J14: 3 | K14: 10 | L14: 48 | M14: =G14*J14+H14*K14+I14*L14 -> 0.055986826 | N14: =$B$6*$C$6*$D$6*(1-E14)*J14+$B$6*$C$6*$D$6*$E$6*(1-F14)*K14+$B$6*$C$6*$D$6*$E$6*$F$6*L14 -> 0.00039216356
A15: Sum EV/line (all symbols) | M15: =SUM(M6:M14) -> 0.42497002
A16: Less wild overcount | N16: =SUM(N7:N14) -> 0.010893211
A17: Net EV per line | M17: =M15-N16 -> 0.41407681
A18: x 20 lines = line EV per spin (line-bet units) | M18: =M17*20 -> 8.2815362
A19: Line-pay RTP (EV / 20 total bet) | M19: =M18/20 -> 0.41407681
A21: Why the small 'wild overcount' line exists: a run that is entirely wilds simultaneously satisfies every symbol's run, so the per-symbol sum counts those all-wild prefixes once for each symbol. The overcount column removes the duplicate counts at the symbol pay, leaving the all-wild prefixes to pay once at the higher wild rate (the top row). This is the only adjustment the closed form needs; all other interactions are verified by simulation.

Sheet Scatter & Bonus
A1: Scatter probability, trigger rate and bonus contribution
A2: Each reel shows a 3-symbol window. Per-reel window counts (BLUE) come from scanning the strips. The five reels are convolved exactly to get P(total scatters).
A4: Reel | B4: Windows w/0 | C4: Windows w/1 | D4: Windows w/2 | E4: Strip length | F4: P(0) | G4: P(1) | H4: P(2)
A5: Reel 1 | B5: 38 | C5: 6 | D5: 0 | E5: ='Reel Strips'!B15 -> 44 | F5: =B5/E5 -> 0.86363636 | G5: =C5/E5 -> 0.13636364 | H5: =D5/E5 -> 0
A6: Reel 2 | B6: 38 | C6: 6 | D6: 0 | E6: ='Reel Strips'!C15 -> 44 | F6: =B6/E6 -> 0.86363636 | G6: =C6/E6 -> 0.13636364 | H6: =D6/E6 -> 0
A7: Reel 3 | B7: 40 | C7: 4 | D7: 1 | E7: ='Reel Strips'!D15 -> 45 | F7: =B7/E7 -> 0.88888889 | G7: =C7/E7 -> 0.088888889 | H7: =D7/E7 -> 0.022222222
A8: Reel 4 | B8: 38 | C8: 6 | D8: 0 | E8: ='Reel Strips'!E15 -> 44 | F8: =B8/E8 -> 0.86363636 | G8: =C8/E8 -> 0.13636364 | H8: =D8/E8 -> 0
A9: Reel 5 | B9: 38 | C9: 6 | D9: 0 | E9: ='Reel Strips'!F15 -> 44 | F9: =B9/E9 -> 0.86363636 | G9: =C9/E9 -> 0.13636364 | H9: =D9/E9 -> 0
A11: Convolution: P(total scatters = k)
A12: after reel | B12: 0 | C12: 1 | D12: 2 | E12: 3 | F12: 4 | G12: 5 | H12: 6 | I12: 7 | J12: 8 | K12: 9 | L12: 10
A13: reel 1 | B13: =F5 -> 0.86363636 | C13: =G5 -> 0.13636364 | D13: =H5 -> 0 | E13: =0 -> 0 | F13: =0 -> 0 | G13: =0 -> 0 | H13: =0 -> 0 | I13: =0 -> 0 | J13: =0 -> 0 | K13: =0 -> 0 | L13: =0 -> 0
A14: reel 2 | B14: =B13*F6 -> 0.74586777 | C14: =C13*F6+B13*G6 -> 0.23553719 | D14: =D13*F6+C13*G6+B13*H6 -> 0.018595041 | E14: =E13*F6+D13*G6+C13*H6 -> 0 | F14: =F13*F6+E13*G6+D13*H6 -> 0 | G14: =G13*F6+F13*G6+E13*H6 -> 0 | H14: =H13*F6+G13*G6+F13*H6 -> 0 | I14: =I13*F6+H13*G6+G13*H6 -> 0 | J14: =J13*F6+I13*G6+H13*H6 -> 0 | K14: =K13*F6+J13*G6+I13*H6 -> 0 | L14: =L13*F6+K13*G6+J13*H6 -> 0
A15: reel 3 | B15: =B14*F7 -> 0.66299357 | C15: =C14*F7+B14*G7 -> 0.27566575 | D15: =D14*F7+C14*G7+B14*H7 -> 0.054040404 | E15: =E14*F7+D14*G7+C14*H7 -> 0.0068870523 | F15: =F14*F7+E14*G7+D14*H7 -> 0.00041322314 | G15: =G14*F7+F14*G7+E14*H7 -> 0 | H15: =H14*F7+G14*G7+F14*H7 -> 0 | I15: =I14*F7+H14*G7+G14*H7 -> 0 | J15: =J14*F7+I14*G7+H14*H7 -> 0 | K15: =K14*F7+J14*G7+I14*H7 -> 0 | L15: =L14*F7+K14*G7+J14*H7 -> 0
A16: reel 4 | B16: =B15*F8 -> 0.57258536 | C16: =C15*F8+B15*G8 -> 0.32848318 | D16: =D15*F8+C15*G8+B15*H8 -> 0.084262042 | E16: =E15*F8+D15*G8+C15*H8 -> 0.013317055 | F16: =F15*F8+E15*G8+D15*H8 -> 0.001296018 | G16: =G15*F8+F15*G8+E15*H8 -> 5.634861e-05 | H16: =H15*F8+G15*G8+F15*H8 -> 0 | I16: =I15*F8+H15*G8+G15*H8 -> 0 | J16: =J15*F8+I15*G8+H15*H8 -> 0 | K16: =K15*F8+J15*G8+I15*H8 -> 0 | L16: =L15*F8+K15*G8+J15*H8 -> 0
A17: reel 5 | B17: =B16*F9 -> 0.49450554 | C17: =C16*F9+B16*G9 -> 0.36176984 | D17: =D16*F9+C16*G9+B16*H9 -> 0.11756492 | E17: =E16*F9+D16*G9+C16*H9 -> 0.022991371 | F17: =F16*F9+E16*G9+D16*H9 -> 0.0029352503 | G17: =G16*F9+F16*G9+E16*H9 -> 0.00022539444 | H17: =H16*F9+G16*G9+F16*H9 -> 7.6839014e-06 | I17: =I16*F9+H16*G9+G16*H9 -> 0 | J17: =J16*F9+I16*G9+H16*H9 -> 0 | K17: =K16*F9+J16*G9+I16*H9 -> 0 | L17: =L16*F9+K16*G9+J16*H9 -> 0
A19: k scatters | B19: P(k) | C19: Pay (x total bet) | D19: EV (x total bet)
A20: k = 3 | B20: =E17 -> 0.022991371 | C20: 5 | D20: =B20*C20 -> 0.11495686
A21: k = 4 | B21: =F17 -> 0.0029352503 | C21: 22 | D21: =B21*C21 -> 0.064575507
A22: k = 5 | B22: =G17 -> 0.00022539444 | C22: 110 | D22: =B22*C22 -> 0.024793388
A23: k = 6 + | B23: =(H17+I17+J17+K17+L17) -> 7.6839014e-06 | C23: 110 | D23: =B23*C23 -> 0.00084522915
A24: Scatter RTP (= EV in total-bet units) | D24: =SUM(D20:D23) -> 0.20517098
A25: P(bonus trigger) = P(k>=3) | D25: =B20+B21+B22+B23 -> 0.0261597
A26: Bonus odds: 1 in | D26: =1/D25 -> 38.226738
A27: Expected free spins per trigger = 8 / (1 - 8 x P(trigger)) | D27: =8/(1-8*D25) -> 10.117331
A28: Free-spin win multiplier | D28: 2
A30: The convolution is exact: it combines every reel's chance of showing 0, 1 or 2 scatters into the full distribution of total scatters per spin. Reel 3 can show 2 scatters in one window, which is why its P(2) is non-zero and why the trigger rate is higher than a naive one-per-reel estimate. Expected free spins uses the geometric series for retriggers.

Sheet RTP Summary
A1: Return to Player: assembly and verification
A2: All formulas. The simulation figure is from a 1,000,000-spin run of the full engine.
A4: Component | B4: RTP
A5: Line pays (exact) | B5: ='Line Pay Model'!M19 -> 0.41407681
A6: Scatter pays (exact) | B6: ='Scatter & Bonus'!D24 -> 0.20517098
A7: Base spin (line + scatter) | B7: =B5+B6 -> 0.61924779
A8: Boss Bonus = P(trigger) x E(spins) x mult x base | B8: ='Scatter & Bonus'!D25*'Scatter & Bonus'!D27*'Scatter & Bonus'!D28*B7 -> 0.32778809
A9: TOTAL RTP (closed form) | B9: =B7+B8 -> 0.94703588
A11: TOTAL RTP (1,000,000-spin simulation) | B11: 0.9421
A12: Difference (closed form - simulation) | B12: =B9-B11 -> 0.0049358809
A14: Bonus trigger rate | B14: ='Scatter & Bonus'!D26 -> 38.226738
A16: The closed form and the simulation agree to within about half a percent. The small gap comes from wild interactions across simultaneously winning lines and from win clustering inside the bonus, which the closed form approximates but the full simulation captures exactly. Reporting both, and explaining the gap, is how slot math is actually validated for certification.

Sheet Volatility
A1: Volatility and player experience
A2: Measured from the 1,000,000-spin simulation of the full engine.
A4: Metric | B4: Value
A5: Hit frequency (spins with any win) | B5: 0.4482
A6: Volatility: standard deviation of return per spin | B6: 5.01
A7: Bonus trigger rate | B7: ='Scatter & Bonus'!D26 -> 38.226738
A8: Largest single-spin win observed | B8: 410
A9: Volatility class | B9: Medium to high
A11: RTP and volatility are independent levers. CINDERFALL holds RTP near 94% while concentrating return into the rare Boss Bonus and the 5-of-a-kind premiums, producing a medium-to-high volatility that fits the Soulslike theme of long droughts and decisive payoffs. To make a smoother, more casual game at the SAME RTP, shift pay weight from the Bonfire and Crown 5-of-a-kind down into 3-of-a-kind low pays: hit frequency rises and the standard deviation falls, with no change in total return. Naming that trade is part of the design.
